#{"t_start": 1747926801.86434, "env_id": "None"}
r,l,t
0.122772,365,2.208833
-0.061637,365,2.397676
-0.096924,365,2.604292
0.3425,365,2.793522
0.065101,365,2.995123
0.054324,365,5.338893
-0.099118,365,5.54437
0.245296,365,5.766798
-0.039799,365,5.98818
-0.001302,365,6.207768
0.063284,365,6.411022
0.123721,365,8.674989
-0.124467,365,8.943794
-0.023129,365,9.166905
0.110694,365,9.388265
0.208657,365,9.609627
0.177095,365,11.951321
0.061578,365,12.20816
-0.183675,365,12.409676
0.059902,365,12.690735
0.317204,365,12.964007
0.361411,365,13.167296
0.244684,365,15.967225
-0.053397,365,16.15625
-0.064069,365,16.36127
0.201572,365,16.630803
0.131741,365,16.852283
0.202741,365,17.041084
0.14769,365,19.119326
-0.088692,365,19.467768
-0.22256,365,19.832671
0.059144,365,20.054022
-0.287748,365,20.292469
-0.274091,365,22.517362
-0.265508,365,22.731833
0.08572,365,22.940073
0.041942,365,23.160262
0.060737,365,23.367005
0.405327,365,23.573715
0.221512,365,25.748708
0.102046,365,26.002113
-0.206942,365,26.272151
0.036933,365,26.461282
0.10656,365,26.715141
-0.025874,365,28.389877
0.178833,365,28.644593
0.048559,365,28.835742
0.004938,365,29.040606
-0.218888,365,29.229486
0.084415,365,29.43316
0.17639,365,31.18455
-0.054217,365,31.406073
0.380945,365,31.582255
0.176673,365,31.78882
0.289095,365,31.980731
-0.105808,365,32.171646
-0.076507,365,33.842275
0.173086,365,34.047361
-0.324398,365,34.268353
-0.058609,365,34.465835
-0.044759,365,34.64855
-0.268558,365,36.674635
-0.083693,365,37.20021
-0.087804,365,37.472687
0.130727,365,37.694141
0.115594,365,37.895407
0.137484,365,38.092865
0.103534,365,40.410759
0.160597,365,40.710239
0.016867,365,41.04751
0.146493,365,41.277406
0.253922,365,41.493972
0.175595,365,43.188135
-0.024173,365,43.45993
-0.165265,365,43.653435
-0.059956,365,43.868257
0.043958,365,44.113584
0.069087,365,44.442644
0.093473,365,47.532541
0.163788,365,47.969145
-0.210725,365,48.404712
-0.101506,365,48.849402
0.049623,365,49.303547
0.130342,365,49.771271
-0.228262,365,53.156248
0.008415,365,53.588027
-0.026362,365,54.024598
0.305717,365,54.448577
0.332625,365,54.884856
0.161646,365,57.247053
0.222788,365,57.487128
0.073138,365,57.68172
0.263012,365,57.892101
-0.29409,365,58.056409
0.115656,365,58.245532
0.289822,365,59.777114
0.009508,365,59.988802
-0.068983,365,60.181349
-0.171116,365,60.370263
-0.013549,365,60.571613
-0.029529,365,63.096945
0.319252,365,63.522535
0.019535,365,63.945974
0.095338,365,64.383816
0.082732,365,64.821068
-0.130172,365,65.247357
0.093619,365,67.017462
0.069593,365,67.228128
0.22966,365,67.422703
0.151562,365,67.634481
0.212701,365,67.823558
-0.189847,365,68.022685
-0.140477,365,69.588284
-0.066002,365,69.763177
0.258261,365,69.973669
0.201771,365,70.394338
0.171439,365,70.894264
0.0862,365,74.055626
-0.145978,365,74.488475
-0.184024,365,74.909786
0.205963,365,75.360591
-0.002585,365,75.804555
-0.143964,365,76.466723
-0.055714,365,79.100612
0.055637,365,79.321897
0.188681,365,79.573627
0.194578,365,79.786301
-0.409419,365,79.978151
0.161784,365,80.169929
0.094995,365,82.188334
0.002373,365,82.633172
0.105047,365,83.061403
0.221484,365,83.654537
0.110523,365,84.144558
-0.006083,365,87.430428
-0.215389,365,87.900967
0.23056,365,88.335707
0.161404,365,88.762683
-0.142864,365,89.186556
0.371067,365,89.622342
0.339872,365,91.733838
-0.209246,365,91.947643
-0.008998,365,92.121166
0.302727,365,92.314873
0.062687,365,92.493992
0.51947,365,94.089319
0.083921,365,94.316567
-0.057366,365,94.500462
0.302666,365,94.689817
0.182838,365,94.868132
0.416616,365,95.071518
0.335005,365,97.922755
0.001055,365,98.40285
-0.076813,365,98.902093
0.395592,365,99.398951
0.430986,365,99.87127
0.406299,365,100.355913
0.203555,365,102.507554
0.095207,365,102.723307
0.366632,365,102.924271
0.08304,365,103.159654
0.603466,365,103.342409
0.196691,365,105.842654
0.338078,365,106.393615
0.125034,365,106.836745
-0.029909,365,107.263257
0.403141,365,107.707001
-0.011748,365,108.132142
0.099258,365,111.047783
-0.145383,365,111.252502
0.285137,365,111.441109
0.46439,365,111.631162
0.051457,365,111.80477
0.074825,365,113.670068
0.003756,365,113.938964
0.112935,365,114.143602
0.247828,365,114.442789
0.093113,365,114.885182
0.064781,365,115.31171
0.161161,365,118.703755
0.370909,365,118.922817
0.215826,365,119.124055
0.218209,365,119.319778
0.06351,365,119.512986
0.216662,365,119.684397
0.124399,365,121.789508
0.28312,365,121.994582
0.054997,365,122.200702
0.180596,365,122.516296
-0.090462,365,122.941676
0.528393,365,126.502969
0.139881,365,126.746908
0.171702,365,126.95186
0.313526,365,127.141348
-0.034553,365,127.330287
0.367047,365,127.535289
0.218532,365,129.594085
0.403096,365,129.793815
0.192865,365,130.001361
0.255388,365,130.200583
0.016824,365,130.447442
-0.001685,365,134.059002
0.284505,365,134.453583
0.029774,365,134.678988
0.10793,365,134.883593
0.2312,365,135.072476
0.142182,365,135.261472
0.128306,365,137.207132
0.117951,365,137.490365
0.235044,365,137.696961
-0.046532,365,137.903929
0.11259,365,138.093507
0.139969,365,138.29906
0.26332,365,142.021776
0.329394,365,142.457633
0.231855,365,142.895769
0.193548,365,143.328569
0.013078,365,143.759171
0.146368,365,145.407765
0.395244,365,145.644767
0.095175,365,145.844676
0.232708,365,146.049106
0.00057,365,146.23809
0.072831,365,146.439713
0.181312,365,147.990631
0.527302,365,148.195786
0.140886,365,148.408566
0.723555,365,148.787868
0.181772,365,149.216038
0.359459,365,149.668893
0.15816,365,152.662267
-0.026,365,152.862172
0.236702,365,153.062282
0.364194,365,153.264587
0.396522,365,153.628269
0.335638,365,155.715107
0.237231,365,155.944558
0.191252,365,156.158348
0.328743,365,156.390536
0.178511,365,156.602655
0.0864,365,156.79222
0.463258,365,159.126006
0.031676,365,159.328563
0.23339,365,159.525424
0.160978,365,159.722631
0.264563,365,159.896646
0.213457,365,161.460178
0.132915,365,161.694426
0.142225,365,161.882616
0.147546,365,162.086957
0.17965,365,162.273809
0.281354,365,162.461772
0.316063,365,164.218277
0.277674,365,164.438552
0.131298,365,164.658847
0.132135,365,164.847348
0.405645,365,165.019459
0.232301,365,165.206282
0.294969,365,166.894201
0.225504,365,167.107052
0.045423,365,167.300842
0.126194,365,167.510353
0.134116,365,167.721803
0.278879,365,169.51067
0.192172,365,169.754418
0.228158,365,169.959411
0.555035,365,170.168614
0.233104,365,170.365984
0.236538,365,170.573065
0.303197,365,172.086033
0.342265,365,172.292954
0.2767,365,172.481462
0.043774,365,172.705223
0.471092,365,172.920285
0.417188,365,175.341332
0.222214,365,175.783675
0.265665,365,176.20405
0.288627,365,176.640998
0.193849,365,177.058323
0.21016,365,177.488862
0.428975,365,179.929165
0.321495,365,180.125458
0.315622,365,180.305281
0.273566,365,180.494673
0.301962,365,180.67397
0.68245,365,180.853399
0.245627,365,182.236044
0.300164,365,182.405632
0.39317,365,182.604995
0.363178,365,182.782431
0.133214,365,182.970511
0.215789,365,185.123827
0.17948,365,185.556331
0.33462,365,186.002514
0.239547,365,186.44064
0.450074,365,186.860708
0.34393,365,187.344466
0.471837,365,189.993658
0.273601,365,190.418317
0.242715,365,190.840796
0.231818,365,191.282445
0.637769,365,191.703029
0.259958,365,193.639283
0.334391,365,193.859961
0.514411,365,194.039275
0.262523,365,194.233596
0.421717,365,194.40731
0.464457,365,194.607068
0.292866,365,196.048362
0.439774,365,196.281638
0.260296,365,196.454761
0.298894,365,196.66346
0.258712,365,196.927251
0.262017,365,197.363761
0.42409,365,199.997986
0.466094,365,200.421449
0.359372,365,200.843859
0.228604,365,201.279839
0.444079,365,201.701415
0.284145,365,204.087934
0.35022,365,204.295937
0.207978,365,204.484635
0.078669,365,204.685172
0.374076,365,204.873637
0.259257,365,205.081025
0.314566,365,206.565683
0.347253,365,206.785718
0.135626,365,206.990897
0.322196,365,207.201472
0.514114,365,207.397758
0.204291,365,207.609693
0.174735,365,210.168442
0.202299,365,210.598495
0.360898,365,211.019111
0.607209,365,211.437105
0.291472,365,211.874421
0.424833,365,214.233853
0.521892,365,214.454651
0.494513,365,214.657205
0.430469,365,214.8463
0.448246,365,215.035157
0.328618,365,215.235628
0.436553,365,216.786489
0.153312,365,216.976547
0.170623,365,217.16755
0.399845,365,217.352818
0.63967,365,217.550065
0.484131,365,219.896259
0.367465,365,220.341703
0.383203,365,220.777755
0.228235,365,221.199002
0.382538,365,221.631973
0.525045,365,222.047617
0.37323,365,224.297446
0.548478,365,224.502196
0.321105,365,224.715992
0.294071,365,224.909856
0.278872,365,225.109998
0.319602,365,225.285999
0.496254,365,226.759948
0.319814,365,226.9642
0.043823,365,227.166438
0.353509,365,227.466232
0.346778,365,227.673745
0.255706,365,230.124543
0.338074,365,230.555433
0.205409,365,230.981867
0.353802,365,231.401576
0.1437,365,231.84054
0.555217,365,232.264466
0.10568,365,234.474801
0.337057,365,234.664947
0.332806,365,234.850583
0.354061,365,235.023932
0.403248,365,235.21342
0.280879,365,236.617921
-0.018054,365,236.821777
0.094075,365,237.031522
0.549291,365,237.243452
0.466628,365,237.446701
0.392156,365,237.64928
0.103065,365,240.058973
0.474314,365,240.480338
0.24468,365,240.905319
0.418215,365,241.327289
0.354153,365,241.764368
0.491588,365,242.196979
0.297618,365,244.418172
0.443644,365,244.616827
0.304978,365,244.806305
0.463116,365,245.0104
0.387862,365,245.1957
0.409606,365,246.664374
0.471885,365,246.885475
0.645348,365,247.086361
0.719646,365,247.258524
0.414643,365,247.463844
0.606344,365,247.665658
0.332552,365,249.920684
0.47938,365,250.343291
0.357407,365,250.7791
0.321895,365,251.210605
0.259978,365,251.644403
0.528902,365,254.210166
0.312965,365,254.425809
0.362174,365,254.615451
0.399415,365,254.820611
0.411713,365,255.014565
0.399738,365,255.210756
0.566755,365,256.695173
0.316843,365,256.915042
0.387864,365,257.115106
0.417154,365,257.319034
0.313693,365,257.523455
0.314696,365,257.725468
0.62001,365,260.015104
0.455733,365,260.438164
0.398052,365,260.875989
0.259851,365,261.309371
0.650418,365,261.726334
0.263269,365,264.303291
0.693055,365,264.514232
0.483345,365,264.72525
0.246707,365,264.9137
0.250275,365,265.121696
0.051793,365,265.303051
0.274493,365,266.771101
0.323061,365,266.977081
0.368209,365,267.163823
0.350907,365,267.337237
0.404564,365,267.526896
0.233596,365,267.726966
0.275099,365,270.08588
0.564965,365,270.521046
0.494485,365,270.943655
0.40387,365,271.384434
0.47484,365,271.801554
0.526014,365,273.929072
0.392969,365,274.146272
0.392425,365,274.350035
0.169467,365,274.551568
0.483583,365,274.739509
0.483292,365,274.943299
0.430177,365,276.327829
0.480092,365,276.557768
0.312648,365,276.775105
0.649316,365,276.965035
0.605083,365,277.176462
0.294878,365,279.708205
0.428444,365,280.128994
0.627011,365,280.569845
0.545096,365,280.993088
0.3667,365,281.43039
0.446322,365,281.849345
0.494695,365,284.395335
0.379777,365,284.611297
0.58521,365,284.803324
0.375873,365,284.992081
0.656896,365,285.204403
0.426936,365,285.400335
0.499507,365,286.87095
0.462897,365,287.093842
0.427041,365,287.294436
0.548614,365,287.482589
0.415857,365,287.690521
0.579807,365,289.880495
0.412363,365,290.316378
0.369122,365,290.753211
0.299705,365,291.174596
0.533124,365,291.614956
0.324092,365,292.044875
0.403457,365,294.099166
0.410858,365,294.303437
0.415862,365,294.508738
0.54848,365,294.709439
0.356257,365,294.899058
0.477531,365,296.391089
0.503776,365,296.615543
0.5365,365,296.829185
0.464851,365,297.032364
0.369771,365,297.23671
0.51871,365,297.439474
0.525652,365,299.204856
0.500457,365,299.440203
0.425151,365,299.641979
0.354064,365,299.846461
0.526499,365,300.040987
0.523742,365,300.251395
0.237781,365,301.909652
0.169843,365,302.116479
0.239699,365,302.299946
0.47536,365,302.489251
0.295149,365,302.691496
0.497216,365,304.555741
0.659252,365,304.791921
0.312244,365,304.997359
0.363511,365,305.189075
0.548791,365,305.388285
0.48319,365,305.598433
0.341536,365,307.162993
0.755921,365,307.356437
0.573346,365,307.536225
0.469907,365,307.751563
0.665081,365,307.975072
0.504187,365,310.266022
0.486453,365,310.705346
0.540085,365,311.132557
0.18314,365,311.552022
0.527389,365,311.976364
0.326743,365,312.411926
0.451054,365,314.786213
0.332043,365,314.998992
0.494091,365,315.202723
0.442987,365,315.406556
0.395016,365,315.614097
0.443932,365,315.812508
0.285798,365,317.218229
0.496871,365,317.423132
0.398899,365,317.623775
0.402961,365,317.82889
0.734233,365,318.029448
0.500899,365,320.343255
0.538176,365,320.770667
0.358783,365,321.208122
0.447667,365,321.639084
0.515753,365,322.055072
0.368273,365,322.494938
0.60992,365,324.856304
0.520513,365,325.04969
0.711185,365,325.248651
0.550146,365,325.458763
0.728295,365,325.654304
0.417338,365,325.844136
0.369898,365,327.435903
0.581044,365,327.638229
0.484833,365,327.842468
0.527821,365,328.046101
0.482809,365,328.247853
0.498275,365,330.711407
0.531144,365,331.137161
0.521532,365,331.578074
0.430762,365,332.01107
0.476664,365,332.435353
0.284555,365,332.870644
0.388604,365,335.087402
0.433666,365,335.294278
0.473693,365,335.495562
0.51411,365,335.669049
0.558746,365,335.842223
0.345581,365,337.342253
0.606598,365,337.546562
0.35341,365,337.763137
0.328777,365,337.967777
0.50704,365,338.186768
0.350728,365,338.376593
0.672657,365,340.806533
0.515544,365,341.230702
0.457949,365,341.651684
0.257874,365,342.096725
0.504814,365,342.514788
0.151299,365,342.953011
0.667246,365,345.168237
0.4492,365,345.37191
0.695193,365,345.580502
0.50066,365,345.777292
0.678061,365,345.981081
0.425074,365,347.51894
0.286804,365,347.751582
0.533529,365,347.95619
0.740143,365,348.151998
0.530974,365,348.347416
0.5701,365,348.52074
0.474781,365,350.950061
0.510698,365,351.38903
0.485492,365,351.824549
0.652852,365,352.245425
0.538244,365,352.682866
0.785963,365,355.064603
0.504797,365,355.277158
0.484078,365,355.482159
0.698409,365,355.683408
0.51328,365,355.875176
0.632357,365,356.064557
0.773493,365,357.47329
0.427677,365,357.698845
0.581587,365,357.895274
0.625884,365,358.103484
0.68294,365,358.303366
0.541133,365,358.491429
0.559304,365,360.984999
0.707526,365,361.403281
0.383241,365,361.824216
0.533141,365,362.260048
0.690517,365,362.696784
0.545804,365,365.065175
0.696334,365,365.279744
0.517264,365,365.467812
0.689339,365,365.680275
0.751959,365,365.875732
0.562978,365,366.082417
0.548831,365,367.532772
0.808785,365,367.74314
0.675891,365,367.945998
0.547703,365,368.148778
0.556053,365,368.353981
0.548496,365,370.632672
0.72265,365,371.064909
0.564011,365,371.481105
0.5728,365,371.918909
0.586777,365,372.338282
0.735308,365,372.774598
0.721565,365,375.148413
0.568317,365,375.345273
0.662177,365,375.534141
0.611597,365,375.711585
0.630943,365,375.894955
0.596824,365,376.068357
0.696253,365,377.540606
0.752647,365,377.741973
0.541609,365,377.932466
0.436416,365,378.131613
0.579894,365,378.336133
0.624167,365,380.625422
0.696403,365,381.041902
0.608591,365,381.477157
0.495583,365,381.947769
0.423296,365,382.402765
0.545816,365,382.826
0.619582,365,385.573242
0.534693,365,386.006531
0.602116,365,386.193228
0.53913,365,386.393806
0.672431,365,386.598717
0.73448,365,386.772373
0.688703,365,388.14651
0.492527,365,388.319714
0.738625,365,388.518234
0.596202,365,388.694283
0.579271,365,388.884216
0.607439,365,390.77497
0.749762,365,391.213397
0.686817,365,391.645843
0.390464,365,392.079892
0.606285,365,392.513958
0.846926,365,392.936413
0.616622,365,395.318075
0.882786,365,395.493008
0.613947,365,395.676513
0.626665,365,395.865446
0.5406,365,396.042027
0.686005,365,397.563984
0.710292,365,397.788461
0.87053,365,397.993521
0.663449,365,398.193933
0.645308,365,398.398397
0.423274,365,398.623862
0.558508,365,401.37342
0.746896,365,401.794562
0.49389,365,402.223967
0.655132,365,402.660328
0.450724,365,403.088103
0.710983,365,403.521488
0.649138,365,406.02811
0.47472,365,406.458624
0.399497,365,406.895326
0.612486,365,407.317994
0.694976,365,407.753748
0.659052,365,409.77583
0.661478,365,409.980773
0.712339,365,410.192031
0.527013,365,410.38752
0.702801,365,410.580387
0.77565,365,410.781807
0.636516,365,412.222223
0.545816,365,412.440806
0.834099,365,412.643853
0.589374,365,412.836771
0.566986,365,413.022889
0.655061,365,414.726595
0.830326,365,415.014691
0.596733,365,415.221956
0.625875,365,415.426996
0.754176,365,415.627523
0.676528,365,415.817204
0.809216,365,417.444456
0.643466,365,417.660918
0.832874,365,417.852536
0.739692,365,418.042135
0.860962,365,418.241455
0.610594,365,418.414421
0.561076,365,420.252548
0.617111,365,420.452185
0.770105,365,420.658304
0.733929,365,420.860225
0.486104,365,421.04867
0.736242,365,422.475518
0.753502,365,422.719611
0.877263,365,422.893169
0.702298,365,423.10009
0.612999,365,423.287997
0.596731,365,423.500808
0.656568,365,425.784071
0.665787,365,426.207889
0.873922,365,426.643303
0.803698,365,427.076151
0.996812,365,427.491581
0.742792,365,429.703562
0.679675,365,429.922523
0.590692,365,430.141336
0.91473,365,430.330105
0.706247,365,430.534553
0.608467,365,430.735338
0.713493,365,432.172159
0.550496,365,432.376031
0.663195,365,432.556775
0.849673,365,432.756182
0.595692,365,432.940453
0.645033,365,433.138027
0.59132,365,435.553443
0.572009,365,435.97735
0.421805,365,436.415463
0.696059,365,436.837008
0.838116,365,437.271517
0.645067,365,440.140088
0.766727,365,440.552858
0.812018,365,440.991853
0.684642,365,441.410368
0.730017,365,441.86106
0.572134,365,442.299912
0.834529,365,444.655119
0.986826,365,444.847819
0.771538,365,445.022805
0.644096,365,445.217367
0.476355,365,445.397363
0.911872,365,445.573884
0.776547,365,447.028029
0.620249,365,447.23377
0.842957,365,447.435387
0.677564,365,447.639184
0.800584,365,447.827931
0.791803,365,450.096979
0.773667,365,450.52886
0.696956,365,450.9557
0.895742,365,451.374276
0.791078,365,451.811905
0.835155,365,452.234191
0.702038,365,454.639048
0.914568,365,454.851811
0.837508,365,455.041681
0.983585,365,455.233335
0.69049,365,455.431577
0.845696,365,457.023375
0.938756,365,457.26246
0.837587,365,457.454354
0.855341,365,457.653367
0.823724,365,457.858285
0.883626,365,458.05074
0.640006,365,460.50107
0.635734,365,460.936925
0.817501,365,461.375347
0.731892,365,461.799153
0.754817,365,462.220796
0.769528,365,462.653227
0.753614,365,464.917428
0.78147,365,465.109143
0.861574,365,465.279458
0.790932,365,465.466665
0.944587,365,465.652553
0.728401,365,467.093156
0.658356,365,467.294161
0.775177,365,467.491759
0.929928,365,467.668819
0.859414,365,467.857953
0.721331,365,468.035789
0.776386,365,470.406446
0.701561,365,470.844683
0.885524,365,471.283218
0.830275,365,471.725878
0.811623,365,472.151932
0.912384,365,474.210219
0.73939,365,474.417709
0.706077,365,474.635556
0.778788,365,474.82462
0.629173,365,475.030199
0.821019,365,475.230155
0.790448,365,476.667548
0.601056,365,476.887958
0.65816,365,477.112091
0.830376,365,477.309736
0.646078,365,477.514415
0.747425,365,477.715426
0.659907,365,479.410706
0.920908,365,479.618116
0.94299,365,479.828598
0.831784,365,480.01773
0.604228,365,480.219053
0.750876,365,481.817644
0.701394,365,482.071532
0.862062,365,482.260472
0.916874,365,482.46171
0.752202,365,482.665977
0.632382,365,482.868613
0.763837,365,484.628948
0.803149,365,484.824655
0.861428,365,485.033155
0.639012,365,485.229558
0.807697,365,485.420622
0.85681,365,486.824312
0.826803,365,487.088063
0.842581,365,487.290549
0.757074,365,487.479266
0.843063,365,487.681692
0.878777,365,487.901772
0.882016,365,490.151103
0.888856,365,490.587787
0.67827,365,491.00553
0.829436,365,491.446438
0.762358,365,491.878382
0.765525,365,492.307563
0.752328,365,494.870852
0.854865,365,495.291789
0.895627,365,495.728368
0.760168,365,496.164746
0.801502,365,496.593635
1.028026,365,498.981044
0.689137,365,499.19565
0.68681,365,499.41015
0.888089,365,499.616473
0.950206,365,499.817097
0.888173,365,500.006361
0.788912,365,501.376742
0.884692,365,501.600153
0.994362,365,501.789131
0.673515,365,501.998504
0.921398,365,502.193929
0.742356,365,502.398356
0.77236,365,504.932478
0.822867,365,505.368297
0.940523,365,505.792873
0.681912,365,506.23169
0.903424,365,506.689764
0.794151,365,509.02206
0.608944,365,509.226226
1.068953,365,509.41381
1.024789,365,509.605136
0.765977,365,509.786822
0.764842,365,509.962362
1.092684,365,511.382624
0.84788,365,511.602923
0.75492,365,511.788766
0.945056,365,512.002821
0.766702,365,512.194437
0.903721,365,514.321045
0.798094,365,514.744425
0.940689,365,515.173615
0.816518,365,515.597835
1.012054,365,516.015295
0.763849,365,516.437304
0.829372,365,518.494504
0.861827,365,518.708227
0.903199,365,518.913865
0.736691,365,519.113881
0.891579,365,519.319441
0.787414,365,519.510082
0.821513,365,520.9604
1.019543,365,521.177294
0.838382,365,521.381041
0.904339,365,521.58216
0.967801,365,521.771368
0.892793,365,524.229942
0.919236,365,524.661745
0.807836,365,525.100948
0.564709,365,525.531053
0.883101,365,525.955294
0.935695,365,526.377308
0.843119,365,528.479069
1.045399,365,528.691228
1.070752,365,528.87978
0.733844,365,529.094557
0.880787,365,529.285216
0.906165,365,530.727117
0.850749,365,530.946479
1.071467,365,531.145686
1.042182,365,531.350152
0.934318,365,531.554945
0.917215,365,531.754538
0.913982,365,534.207608
0.951032,365,534.64355
1.001785,365,535.064588
1.00799,365,535.487108
0.800995,365,535.924849
0.663796,365,536.349595
0.963045,365,538.540637
1.007382,365,538.722983
0.904711,365,538.896649
0.835014,365,539.09476
1.138302,365,539.270454
0.794107,365,540.786952
0.973689,365,540.99139
0.925092,365,541.177709
0.888168,365,541.351935
0.870278,365,541.541312
0.844145,365,541.727602
1.151607,365,543.325712
0.877579,365,543.529574
0.88427,365,543.737076
0.830141,365,543.937085
0.743594,365,544.143096
1.045686,365,545.895527
1.010066,365,546.17258
0.870127,365,546.376925
0.894316,365,546.584298
0.99488,365,546.783452
0.72548,365,546.988624
0.848309,365,548.47277
0.860429,365,548.688614
0.837431,365,548.893159
0.882797,365,549.11263
0.592314,365,549.31564
1.013671,365,549.552719
1.056108,365,552.205418
1.055506,365,552.641104
0.877173,365,553.062662
1.029052,365,553.50032
0.998707,365,553.924383
0.905351,365,556.313049
1.057888,365,556.529063
0.994456,365,556.705713
0.993236,365,556.879772
0.908045,365,557.077898
0.923302,365,557.251988
0.848334,365,558.674103
1.117307,365,558.879761
0.887159,365,559.086486
0.904752,365,559.288348
0.962708,365,559.493804
0.973061,365,559.70165
1.218728,365,562.061179
1.019084,365,562.50184
1.003512,365,562.924124
1.0892,365,563.362426
0.789125,365,563.782413
0.964409,365,566.266237
1.167932,365,566.485711
0.944648,365,566.671432
1.022706,365,566.845109
1.12785,365,567.049304
0.974927,365,567.251657
1.012795,365,568.704879
0.947484,365,568.881276
0.814625,365,569.077202
1.03249,365,569.257345
1.221676,365,569.430223
0.868943,365,571.501911
1.142359,365,571.923713
0.992132,365,572.35902
0.941442,365,572.779139
1.00518,365,573.217642
1.188006,365,573.63852
1.024704,365,576.154002
1.013689,365,576.595079
0.923037,365,577.019179
1.069791,365,577.443293
1.047407,365,577.880835
0.726897,365,578.30491
1.0864,365,580.653899
1.050422,365,580.858893
0.941208,365,581.06444
0.696953,365,581.248276
0.717606,365,581.455612
0.86851,365,582.890336
1.059574,365,583.08858
0.959328,365,583.281086
0.631171,365,583.470024
0.922137,365,583.654465
0.937357,365,583.843269
0.991529,365,586.169834
1.242424,365,586.60077
1.033041,365,587.02281
1.100225,365,587.445311
1.254423,365,587.868237
0.924467,365,590.406111
1.049444,365,590.620965
0.916959,365,590.825038
1.032929,365,591.019398
0.977531,365,591.229966
0.820196,365,591.418783
0.998158,365,592.787804
0.81749,365,592.982233
0.961972,365,593.168095
1.072326,365,593.356787
0.830035,365,593.56159
0.877272,365,593.762928
1.196591,365,596.051944
1.084197,365,596.475426
0.98744,365,596.898715
0.881884,365,597.329717
1.143962,365,597.745386
1.005484,365,600.365336
1.059197,365,600.566982
0.93438,365,600.762222
1.172237,365,600.966431
1.075895,365,601.16685
0.759181,365,601.370432
1.006394,365,602.827044
1.120919,365,603.04812
0.878797,365,603.248933
0.966587,365,603.438145
0.997996,365,603.65134
0.867089,365,605.593015
0.986838,365,606.009546
1.121146,365,606.447164
0.805753,365,606.881466
1.103072,365,607.308366
1.058194,365,607.744576
0.909083,365,609.958308
0.998564,365,610.16577
0.954818,365,610.338728
0.921843,365,610.527218
1.00782,365,610.712861
0.968814,365,610.88695
1.059632,365,612.309888
0.983006,365,612.529512
1.175029,365,612.734009
1.030495,365,612.938195
1.15502,365,613.133066
1.271444,365,614.722145
0.94017,365,614.960803
1.420176,365,615.165063
1.179793,365,615.367804
1.234914,365,615.557111
1.175709,365,615.775079
0.970314,365,617.615479
1.134838,365,617.807065
1.045769,365,618.014554
1.305487,365,618.212742
1.256709,365,618.417196
1.169836,365,618.624837
0.966962,365,620.196398
0.837383,365,620.38545
0.920897,365,620.576571
0.9516,365,620.777931
0.82827,365,620.998657
0.905296,365,623.396055
1.1986,365,623.841209
0.954574,365,624.25885
0.86635,365,624.695612
0.958392,365,625.115824
1.003409,365,625.544521
0.822467,365,628.195925
0.936496,365,628.631215
1.290108,365,629.059043
0.834868,365,629.480352
1.120407,365,629.912548
0.986986,365,632.148379
0.892463,365,632.363439
1.06631,365,632.567485
0.814665,365,632.773383
1.133473,365,632.959515
1.137002,365,633.163041
1.025766,365,634.646926
1.078592,365,634.851513
1.040459,365,635.060115
1.027337,365,635.256969
1.035991,365,635.46852
0.751738,365,635.661643
1.03295,365,637.431643
1.076418,365,637.647349
1.03474,365,637.838327
0.965595,365,638.025809
1.045963,365,638.22881
1.28579,365,639.927806
0.936369,365,640.147862
1.140017,365,640.359578
1.209724,365,640.548117
1.062409,365,640.756706
1.059407,365,640.955842
1.086999,365,642.787799
1.246783,365,642.978645
1.167738,365,643.161727
1.136313,365,643.351714
1.039359,365,643.543201
0.91758,365,644.947863
0.784004,365,645.194118
1.061292,365,645.398569
0.979383,365,645.604599
1.103971,365,645.80353
0.823699,365,646.008983
1.15223,365,648.26107
0.995628,365,648.69227
0.99342,365,649.124297
1.089375,365,649.549171
1.107266,365,649.971208
0.846043,365,650.409784
1.117188,365,652.849923
0.961524,365,653.058295
1.081671,365,653.254388
1.090222,365,653.442477
0.987009,365,653.645241
1.161148,365,655.073094
1.155559,365,655.286244
1.198755,365,655.489841
1.216539,365,655.692927
0.989633,365,655.897508
1.097451,365,656.103483
1.027057,365,658.374454
0.936411,365,658.807905
1.235478,365,659.223243
1.211565,365,659.659549
0.949444,365,660.097212
1.144754,365,662.291418
1.160584,365,662.511941
1.259588,365,662.691941
1.179432,365,662.865683
1.119001,365,663.061654
1.079246,365,663.23836
1.124411,365,664.650876
1.120752,365,664.866822
1.074545,365,665.072523
1.124945,365,665.273978
1.124001,365,665.462362
1.222663,365,665.679127
1.035656,365,668.222268
1.04678,365,668.658391
0.977565,365,669.091848
1.289679,365,669.507228
1.180444,365,669.960012
1.146024,365,672.221127
1.170203,365,672.426027
1.138695,365,672.623011
1.038223,365,672.800503
1.216345,365,672.973903
1.27208,365,673.17501
1.217736,365,674.585914
1.181097,365,674.789934
0.996627,365,674.994324
1.235941,365,675.18924
1.119724,365,675.401495
1.224718,365,675.593129
1.187646,365,678.173233
1.034036,365,678.607779
1.068722,365,679.023649
1.258791,365,679.459863
1.451755,365,679.911941
0.997076,365,682.310604
1.178579,365,682.523912
1.100892,365,682.707997
1.070143,365,682.913842
1.227886,365,683.11556
0.832503,365,683.304092
1.130591,365,684.735228
1.072115,365,684.965755
1.047375,365,685.156989
1.180755,365,685.356621
1.145287,365,685.56093
1.016173,365,688.266362
1.279961,365,688.68828
1.217221,365,689.127533
0.959782,365,689.560928
1.285158,365,689.987115
1.033384,365,690.424788
1.153661,365,692.553808
0.920607,365,692.756663
1.102602,365,692.961083
1.022356,365,693.155577
1.114266,365,693.352596
1.084602,365,693.526027
0.914912,365,695.030547
1.028998,365,695.235552
1.111488,365,695.438777
1.200531,365,695.639547
0.820757,365,695.828759
1.120376,365,698.297284
1.192593,365,698.718374
0.97836,365,699.155483
1.086874,365,699.590486
0.859337,365,700.020694
1.148852,365,700.443939
1.247946,365,702.983827
0.988272,365,703.202487
1.081045,365,703.404173
1.283333,365,703.607888
1.112619,365,703.79656
1.160584,365,705.248086
1.114117,365,705.476148
1.142322,365,705.670658
1.048216,365,705.843411
1.062101,365,706.037501
1.134426,365,706.217133
1.049801,365,708.281372
0.979386,365,708.701456
1.060973,365,709.141999
1.107025,365,709.57267
1.23526,365,710.004587
1.363898,365,710.427481
1.367142,365,712.621597
0.871881,365,712.827249
0.934303,365,712.998216
1.248576,365,713.185079
1.073424,365,713.376223
1.121646,365,714.841589
1.219091,365,715.051778
1.161288,365,715.261901
1.018856,365,715.466185
1.066664,365,715.669807
1.148285,365,715.868736
1.056169,365,718.377795
1.048123,365,718.814725
0.928986,365,719.30204
1.104216,365,719.764983
1.095901,365,720.199766
1.127391,365,722.79281
1.021489,365,723.231695
1.444911,365,723.652034
1.32613,365,724.086329
1.149043,365,724.325575
1.083237,365,724.498908
1.209974,365,725.923633
0.996041,365,726.128652
1.081498,365,726.310147
1.216914,365,726.484395
1.059499,365,726.684627
1.144799,365,726.858494
1.150761,365,728.505078
0.972657,365,728.682419
1.228245,365,728.896736
0.975179,365,729.095546
1.133755,365,729.297546
1.128502,365,731.059393
1.080578,365,731.323979
1.225581,365,731.515638
1.122377,365,731.714029
0.97289,365,731.954789
1.264569,365,732.21543
0.796004,365,733.683225
0.871461,365,733.875114
1.04213,365,734.070735
1.215422,365,734.24669
0.931099,365,734.435638
1.171609,365,734.618792
0.996499,365,736.470861
0.867491,365,736.666581
1.103399,365,736.859938
0.946628,365,737.064332
1.343862,365,737.284124
0.969198,365,738.75914
0.982664,365,738.994686
1.132747,365,739.238112
1.05648,365,739.43295
1.162959,365,739.66534
0.992401,365,739.886639
1.129308,365,742.418885
1.097056,365,742.84071
0.946714,365,743.276286
1.213271,365,743.696535
1.135401,365,744.117865
0.615149,365,746.680467
0.936438,365,747.13216
1.031212,365,747.554791
1.31309,365,747.976555
1.003286,365,748.415491
1.231139,365,748.837381
0.804044,365,751.410694
0.994576,365,751.60218
1.072931,365,751.789945
1.028458,365,751.993961
1.020149,365,752.196742
1.064192,365,752.398768
0.989473,365,753.83473
1.459464,365,754.014687
0.909554,365,754.212988
1.053663,365,754.389745
1.090123,365,754.581968
0.87911,365,756.706722
1.208895,365,757.131759
1.157633,365,757.558898
0.853908,365,757.996878
0.977991,365,758.418214
1.265533,365,758.854792
1.189091,365,760.991127
1.351064,365,761.193918
1.05333,365,761.398379
1.123043,365,761.603162
0.998203,365,761.79147
1.359413,365,763.247405
1.114788,365,763.467576
1.168639,365,763.678757
0.973439,365,763.859086
1.235768,365,764.047062
1.05844,365,764.241309
0.986359,365,766.773322
1.312439,365,767.210096
1.342162,365,767.647152
1.008824,365,768.062297
1.081847,365,768.506522
1.283302,365,768.931593
1.322227,365,770.979364
1.131095,365,771.200935
0.917189,365,771.401984
1.222012,365,771.604944
1.163361,365,771.792353
1.220122,365,773.240495
1.028643,365,773.470624
0.966196,365,773.677569
1.013268,365,773.878676
1.343591,365,774.085598
1.041917,365,774.271364
1.110279,365,777.177328
1.342457,365,777.616882
1.128583,365,778.046859
1.07385,365,778.47622
1.086915,365,778.897736
0.892193,365,781.62844
1.14692,365,782.064087
1.183346,365,782.487371
1.411185,365,782.924166
0.881703,365,783.353128
1.327645,365,783.770027
1.191846,365,785.594646
1.353938,365,785.798787
1.395028,365,785.986501
1.147131,365,786.175946
1.240425,365,786.364737
1.218285,365,786.561848
1.052998,365,787.989703
1.241083,365,788.19235
1.262709,365,788.398037
1.076633,365,788.60388
1.179845,365,789.011848
1.278782,365,791.586711
1.30166,365,792.003726
1.333318,365,792.425437
1.341404,365,792.849217
1.146488,365,793.284889
1.046448,365,793.720333
0.992837,365,796.03587
1.17363,365,796.236255
1.385172,365,796.440651
1.017919,365,796.643102
1.227815,365,796.847475
1.387512,365,797.036803
1.323898,365,798.540283
1.271192,365,798.736608
1.290771,365,798.917552
0.931563,365,799.111964
1.284703,365,799.308367
1.203334,365,801.720709
1.095215,365,802.142689
1.217802,365,802.587335
1.180124,365,803.009333
1.344927,365,803.441615
1.155261,365,803.86262
1.303764,365,806.109229
1.357968,365,806.31695
1.129568,365,806.531854
1.390067,365,806.725998
1.170279,365,806.916075
1.21066,365,808.266261
1.151932,365,808.480021
1.181922,365,808.673044
1.381495,365,808.857041
1.304688,365,809.045566
1.167377,365,809.235996
1.210834,365,811.554842
1.062854,365,811.99973
1.276844,365,812.424056
1.050087,365,812.846138
1.201995,365,813.267274
1.346585,365,813.702566
1.231066,365,815.568747
1.17134,365,815.77082
1.354438,365,815.975244
1.272842,365,816.154555
1.157462,365,816.336283
1.177577,365,817.76609
1.185362,365,817.98183
1.318192,365,818.21161
1.303496,365,818.42999
1.260765,365,818.655838
1.292999,365,818.886971
1.244557,365,820.860714
1.301334,365,821.054276
1.237572,365,821.250092
1.076964,365,821.454733
1.101815,365,821.656478
1.284372,365,823.11934
1.392306,365,823.360371
1.264095,365,823.565656
0.991393,365,823.767907
1.06677,365,823.972578
1.384627,365,824.208543
1.365354,365,826.639192
1.31844,365,827.061339
0.878242,365,827.500551
1.157259,365,827.922455
1.510583,365,828.359642
1.044955,365,828.780105
1.286824,365,830.700979
1.400685,365,830.888402
1.253836,365,831.070705
1.207994,365,831.265595
1.177516,365,831.454788
1.341572,365,832.876485
1.339085,365,833.100442
1.165133,365,833.301227
1.273845,365,833.506422
1.054821,365,833.712377
1.153768,365,833.912147
1.258365,365,836.483046
1.149854,365,836.921737
1.354837,365,837.357937
1.13262,365,837.795035
1.462404,365,838.217837
1.202484,365,840.425789
1.362696,365,840.637096
1.198431,365,840.82567
1.190982,365,840.999233
1.359539,365,841.187062
1.282625,365,841.376041
1.415362,365,842.785041
1.331898,365,843.00523
1.184238,365,843.200966
1.387444,365,843.413745
1.26437,365,843.62109
1.259879,365,843.820135
1.301253,365,846.357696
1.213621,365,846.779028
1.292868,365,847.215381
1.252205,365,847.636521
1.156226,365,848.068041
1.286205,365,850.328972
1.155512,365,850.548571
1.14794,365,850.751595
1.085719,365,850.988386
1.204415,365,851.210083
1.392442,365,851.377455
1.278964,365,852.818662
1.389002,365,853.023108
1.443181,365,853.229756
1.291273,365,853.430921
1.335068,365,853.635488
1.390271,365,853.854734
1.318537,365,856.402432
1.259515,365,856.840465
1.23517,365,857.261202
1.361128,365,857.699112
1.252749,365,858.118436
1.393901,365,860.42251
1.650862,365,860.634547
1.168801,365,860.830804
1.357492,365,861.035209
1.35528,365,861.229746
1.142215,365,861.426535
1.316978,365,862.916466
1.274213,365,863.114571
1.152751,365,863.291591
1.342844,365,863.481884
1.479317,365,863.680496
1.409776,365,865.99834
1.317873,365,866.432346
1.025001,365,866.929337
1.156971,365,867.370196
1.325098,365,867.810197
1.510067,365,868.233116
1.235378,365,870.865805
1.289913,365,871.292051
1.28082,365,871.728591
1.457547,365,872.149298
1.478118,365,872.592335
0.901643,365,873.014164
1.084931,365,874.950108
1.298315,365,875.14942
1.296465,365,875.354889
1.174841,365,875.561515
1.437574,365,875.759038
1.253057,365,877.194558
1.297164,365,877.412205
1.322045,365,877.607556
1.364528,365,877.795452
1.073597,365,878.001162
1.296663,365,878.196501
1.32408,365,880.02276
1.457759,365,880.241555
1.365242,365,880.44572
1.395226,365,880.647839
1.330383,365,880.836382
1.259599,365,882.583002
1.278437,365,882.821365
1.13132,365,883.032495
1.306438,365,883.242446
1.508025,365,883.44674
1.228309,365,883.649273
1.422835,365,885.448055
1.360832,365,885.676992
1.278093,365,885.870981
1.250861,365,886.060362
1.376851,365,886.262967
1.321486,365,886.468163
1.306703,365,887.923826
1.470085,365,888.122806
1.356379,365,888.311122
1.331311,365,888.504578
1.331311,365,888.726862
1.234958,365,891.130579
1.413459,365,891.5465
1.326499,365,891.963352
1.396577,365,892.399947
1.200177,365,892.82272
1.255505,365,893.241504
1.337798,365,895.840332
1.297293,365,896.264364
1.221302,365,896.693018
1.061697,365,897.129907
1.255502,365,897.567165
1.306539,365,899.754708
1.25278,365,899.979156
1.218257,365,900.185685
1.316444,365,900.381265
1.373735,365,900.56075
1.426403,365,900.740615
1.248978,365,902.176314
1.028878,365,902.396612
1.269614,365,902.604982
1.376718,365,902.787334
1.490076,365,902.9771
1.548656,365,903.175834
1.307751,365,905.692801
1.482484,365,906.129607
1.321219,365,906.551487
1.152541,365,906.989978
1.193051,365,907.411838
1.297965,365,909.71906
1.291948,365,909.927069
1.386531,365,910.136569
1.177065,365,910.334069
1.079712,365,910.523919
1.392478,365,910.723412
1.221864,365,912.166418
1.39631,365,912.367923
1.196388,365,912.5799
1.091687,365,912.773102
1.141859,365,912.978894
1.17155,365,913.173528
1.007234,365,915.674659
1.312672,365,916.123353
1.237562,365,916.537176
1.260367,365,916.975331
1.107637,365,917.409923
1.257486,365,919.720304
1.095143,365,919.923963
1.222297,365,920.127641
1.212909,365,920.332693
1.177463,365,920.521554
1.015636,365,920.739431
1.178935,365,922.206359
1.265839,365,922.385932
1.203609,365,922.583822
1.164025,365,922.776335
1.032235,365,922.981383
1.092774,365,925.172787
1.119596,365,925.609643
1.187704,365,926.040185
1.386295,365,926.480252
1.228091,365,926.912355
1.174192,365,927.347462
1.202751,365,929.723327
1.176989,365,929.954596
1.287721,365,930.158988
1.152144,365,930.350636
1.216815,365,930.555315
1.339518,365,930.756959
1.547753,365,932.173177
1.143739,365,932.3726
1.208027,365,932.580391
1.220979,365,932.783653
1.141705,365,932.985633
1.07511,365,935.235251
1.248446,365,935.673233
1.157482,365,936.108085
1.323057,365,936.53629
1.257562,365,936.957579
1.174545,365,937.394222
1.131796,365,939.882489
1.217763,365,940.095007
1.35552,365,940.290095
1.325188,365,940.46369
1.351007,365,940.640661
1.143898,365,942.049026
1.419228,365,942.280842
1.177014,365,942.48546
1.371481,365,942.687527
1.279222,365,942.894584
1.189211,365,943.094573
1.084903,365,945.219343
1.277283,365,945.655112
1.256133,365,946.090096
1.410436,365,946.518831
1.148277,365,946.93951
1.29528,365,947.377161
1.346984,365,949.822592
1.453369,365,950.02702
1.312995,365,950.218083
1.352072,365,950.419083
1.284259,365,950.619554
1.311677,365,952.03321
1.443404,365,952.233451
1.379265,365,952.429689
1.492241,365,952.623263
1.52823,365,952.82772
1.388432,365,953.021393
1.28874,365,955.28826
1.699263,365,955.702329
1.463956,365,956.146027
1.329051,365,956.57274
1.586585,365,956.993203
1.543553,365,959.153927
1.430974,365,959.370437
1.488018,365,959.544371
1.236159,365,959.732799
1.520328,365,959.918995
1.45447,365,960.106363
1.347802,365,961.519955
1.324155,365,961.74686
1.348381,365,961.951898
1.386168,365,962.153518
1.404406,365,962.342218
1.771411,365,962.55344
1.232429,365,965.032117
1.390627,365,965.471749
1.063048,365,965.894892
1.389008,365,966.331211
1.352823,365,966.754022
1.270644,365,969.100108
1.546763,365,969.324926
1.520033,365,969.515655
1.382351,365,969.715501
1.481097,365,969.923466
1.369804,365,970.120939
1.248642,365,971.552009
1.304168,365,971.746875
1.485417,365,971.935227
1.413884,365,972.120738
1.205124,365,972.309894
1.239674,365,972.498898
1.435684,365,975.003573
1.284532,365,975.441526
1.474268,365,975.879539
1.309396,365,976.319394
1.432816,365,976.74655
1.589504,365,979.119686
1.642345,365,979.3093
1.568758,365,979.502305
1.325338,365,979.715807
1.332216,365,979.905562
1.725135,365,980.086688
1.479852,365,981.513836
1.468991,365,981.76152
1.530659,365,981.998077
1.267327,365,982.245962
1.300122,365,982.467314
1.571668,365,985.508548
1.543858,365,985.971416
1.536265,365,986.399884
1.29712,365,986.856191
1.600244,365,987.277898
1.563202,365,987.697117
1.127546,365,990.129704
1.345308,365,990.308
1.30815,365,990.497629
1.416869,365,990.681271
1.571202,365,990.854534
1.434805,365,991.04439
1.366659,365,992.486874
1.446421,365,992.685295
1.392806,365,992.861046
1.581765,365,993.050558
1.578443,365,993.251441
1.408779,365,995.416061
1.394572,365,995.838606
1.50544,365,996.275071
1.383611,365,996.696482
1.49264,365,997.133498
1.401006,365,997.748172
1.589021,365,1000.451253
1.536263,365,1000.873061
1.321636,365,1001.310854
1.604435,365,1001.732808
1.603661,365,1002.148583
1.659,365,1003.94657
1.612836,365,1004.164018
1.601982,365,1004.353626
1.726462,365,1004.525679
1.529431,365,1004.726227
1.524028,365,1004.933059
1.605082,365,1006.391148
1.45145,365,1006.610291
1.653535,365,1006.806062
1.514515,365,1007.019911
1.236515,365,1007.417264
1.539864,365,1007.853841
1.464045,365,1010.340986
1.580318,365,1010.779805
1.590033,365,1011.210298
1.678854,365,1011.632396
1.405653,365,1012.073293
1.407872,365,1014.40775
1.576457,365,1014.630325
1.586739,365,1014.803443
1.363159,365,1014.998528
1.493659,365,1015.178978
1.556785,365,1015.368041
1.388544,365,1016.899704
1.531318,365,1017.113998
1.397503,365,1017.287747
1.366823,365,1017.478643
1.549292,365,1017.662883
1.450981,365,1019.958135
1.486739,365,1020.376563
1.311872,365,1020.810624
1.316452,365,1021.225092
1.511296,365,1021.661636
1.535053,365,1022.094287
1.532033,365,1024.473968
1.642385,365,1024.677647
1.174058,365,1024.882804
1.239403,365,1025.082481
1.690749,365,1025.272248
1.438628,365,1025.4453
1.440833,365,1026.883507
1.582754,365,1027.105546
1.538382,365,1027.308289
1.418531,365,1027.497428
1.469265,365,1027.680392
1.573316,365,1029.940527
1.318233,365,1030.3791
1.352629,365,1030.802845
1.350523,365,1031.238972
1.49801,365,1031.674665
1.683158,365,1032.10509
1.637602,365,1034.487104
1.533461,365,1034.691123
1.474185,365,1034.896055
1.456163,365,1035.101129
1.607998,365,1035.286412
1.639663,365,1035.491176
1.46872,365,1036.948297
1.554713,365,1037.160331
1.544098,365,1037.35562
1.255868,365,1037.560922
1.418095,365,1037.766706
1.467472,365,1040.157198
1.437583,365,1040.591018
1.751445,365,1041.009344
1.502257,365,1041.456155
1.444788,365,1041.879381
1.391629,365,1042.316464
1.499213,365,1045.127045
1.668866,365,1045.543933
1.548052,365,1046.01112
1.39283,365,1046.433971
1.622913,365,1046.889414
1.281321,365,1048.942123
1.229041,365,1049.173531
1.522907,365,1049.379
1.502329,365,1049.580688
1.554478,365,1049.768282
1.267822,365,1049.977006
1.471195,365,1051.387697
1.448491,365,1051.607949
1.419474,365,1051.800233
1.600227,365,1052.00451
1.600176,365,1052.206409
1.600379,365,1052.489113
1.52045,365,1055.139271
1.551025,365,1055.558168
1.574123,365,1055.981004
1.744872,365,1056.419888
1.720427,365,1056.853795
1.26566,365,1059.610575
1.477923,365,1060.035739
1.47557,365,1060.456612
1.480256,365,1060.878194
1.493367,365,1061.29761
1.481426,365,1061.719538
1.748912,365,1063.412975
1.352917,365,1063.607806
1.434625,365,1063.789349
1.518685,365,1063.979509
1.597152,365,1064.172546
1.61196,365,1065.640709
1.530264,365,1065.875137
1.532702,365,1066.064749
1.592124,365,1066.251086
1.533809,365,1066.45596
1.604071,365,1066.877057
1.387014,365,1069.516881
1.12939,365,1069.939617
1.566886,365,1070.375955
1.325102,365,1070.814053
1.409288,365,1071.252365
1.422811,365,1071.684172
1.617661,365,1073.917884
1.369115,365,1074.121915
1.433602,365,1074.313873
1.535262,365,1074.514405
1.685014,365,1074.702648
1.586184,365,1076.139249
1.536838,365,1076.358845
1.472964,365,1076.553224
1.631603,365,1076.763842
1.508371,365,1076.972989
1.467912,365,1077.155121
1.298831,365,1079.619549
1.363034,365,1080.036613
1.575402,365,1080.459396
1.460395,365,1080.897898
1.575041,365,1081.318105
1.5448,365,1083.748759
1.549101,365,1083.968417
1.480997,365,1084.153984
1.582418,365,1084.326437
1.761829,365,1084.516791
1.399795,365,1084.717508
1.460273,365,1086.153586
1.581186,365,1086.368092
1.483204,365,1086.554788
1.629513,365,1086.765555
1.585082,365,1086.954752
1.598941,365,1087.169302
1.608112,365,1089.595014
1.426214,365,1090.010641
1.340301,365,1090.429795
1.380548,365,1090.850603
1.437228,365,1091.288091
1.421158,365,1093.279699
1.502318,365,1093.48508
1.418649,365,1093.684161
1.426901,365,1093.85718
1.49082,365,1094.051065
1.54144,365,1094.230829
1.596525,365,1095.664363
1.639151,365,1095.858095
1.573012,365,1096.053979
1.624737,365,1096.231888
1.648628,365,1096.421022
1.475459,365,1096.615914
1.580548,365,1098.439912
1.550868,365,1098.653218
1.569117,365,1098.863349
1.409516,365,1099.053609
1.532356,365,1099.269762
1.412849,365,1100.916855
1.555246,365,1101.135435
1.401243,365,1101.324356
1.424071,365,1101.512737
1.381479,365,1101.699637
1.484394,365,1101.893287
1.526368,365,1103.652456
1.502611,365,1103.859255
1.539192,365,1104.052537
1.597189,365,1104.262566
1.438366,365,1104.466877
1.505322,365,1105.862517
1.622753,365,1106.107719
1.534566,365,1106.295362
1.637912,365,1106.468039
1.549645,365,1106.702122
1.467271,365,1106.906885
1.56083,365,1109.261284
1.450822,365,1109.683492
1.52794,365,1110.117451
1.375687,365,1110.527812
1.619123,365,1110.966125
1.432638,365,1111.386102
1.426499,365,1113.951378
1.355407,365,1114.370139
1.678477,365,1114.792922
1.473314,365,1115.215098
1.544947,365,1115.654217
1.60148,365,1118.023345
1.547465,365,1118.245108
1.617712,365,1118.429135
1.483034,365,1118.613253
1.476454,365,1118.792499
1.586552,365,1118.978579
1.480912,365,1120.386598
1.536304,365,1120.617294
1.393358,365,1120.821774
1.524515,365,1121.021905
1.41525,365,1121.227205
1.436834,365,1123.431867
1.330994,365,1123.870829
1.3839,365,1124.294819
1.417438,365,1124.726159
1.573106,365,1125.149781
1.382073,365,1125.584334
1.493209,365,1127.993872
1.407388,365,1128.211366
1.580798,365,1128.409742
1.477475,365,1128.607806
1.44164,365,1128.790419
1.421187,365,1128.997468
1.454631,365,1130.44385
1.470576,365,1130.648839
1.389239,365,1130.853072
1.392876,365,1131.061489
1.52345,365,1131.258792
1.508788,365,1133.504627
1.462448,365,1133.923185
1.581386,365,1134.359154
1.568218,365,1134.781928
1.482104,365,1135.195111
1.42361,365,1135.63181
1.394943,365,1138.086435
1.466442,365,1138.288317
1.527709,365,1138.482114
1.499005,365,1138.678243
1.369349,365,1138.881918
1.652202,365,1140.305386
1.508071,365,1140.525265
1.29248,365,1140.725956
1.633645,365,1140.930184
1.428762,365,1141.147484
1.609109,365,1141.336079
1.533763,365,1143.537627
1.562405,365,1143.954028
1.654043,365,1144.378337
1.5511,365,1144.81907
1.704942,365,1145.240129
1.576233,365,1145.677762
1.557875,365,1147.645723
1.562242,365,1147.849392
1.461886,365,1148.045473
1.633286,365,1148.259101
1.603574,365,1148.456563
1.616129,365,1149.802469
1.524682,365,1150.007361
1.591935,365,1150.211047
1.587703,365,1150.38444
1.297838,365,1150.582849
1.57769,365,1150.759448
1.599401,365,1153.240968
1.421014,365,1153.677798
1.599154,365,1154.113583
1.375771,365,1154.53738
1.618602,365,1154.959887
1.468342,365,1155.400045
1.628182,365,1157.509203
1.496969,365,1157.7239
1.567887,365,1157.913779
1.363087,365,1158.112915
1.375164,365,1158.317952
1.603255,365,1159.803542
1.56613,365,1160.020602
1.395621,365,1160.214207
1.588365,365,1160.387008
1.616699,365,1160.588048
1.598418,365,1160.777524
1.211278,365,1163.269336
1.579701,365,1163.691387
1.541944,365,1164.128217
1.46612,365,1164.557118
1.615633,365,1164.990514
1.422412,365,1167.364341
1.41943,365,1167.580549
1.6181,365,1167.769553
1.531828,365,1167.974473
1.418889,365,1168.177304
1.569579,365,1168.351768
1.44477,365,1169.791507
1.520022,365,1170.011457
1.418539,365,1170.206335
1.533335,365,1170.419538
1.388098,365,1170.627896
1.591837,365,1170.827105
1.472747,365,1173.316066
1.333296,365,1173.753606
1.615329,365,1174.174082
1.33506,365,1174.610465
1.591158,365,1175.034339
1.50851,365,1177.39716
1.566241,365,1177.610215
1.449134,365,1177.802678
1.394048,365,1178.006777
1.526067,365,1178.222865
1.469642,365,1178.415069
1.293631,365,1179.792551
1.498778,365,1179.999032
1.368273,365,1180.205073
1.410874,365,1180.407114
1.304031,365,1180.624509
1.462338,365,1183.284793
1.412776,365,1183.720643
1.474635,365,1184.157962
1.454773,365,1184.601539
1.275699,365,1185.034356
1.418995,365,1185.457849
1.525354,365,1188.05979
1.27932,365,1188.496675
1.497653,365,1188.91996
1.11818,365,1189.359427
1.387621,365,1189.849416
1.422249,365,1190.293449
1.404742,365,1192.940158
1.39731,365,1193.483924
1.309755,365,1193.850336
1.28934,365,1194.135787
1.449212,365,1194.367841
1.275885,365,1198.704335
1.670591,365,1199.283131
1.257697,365,1199.919745
1.380943,365,1200.414671
1.443693,365,1200.849045
1.387541,365,1201.287665
1.221132,365,1205.318099
1.405125,365,1205.828129
1.14665,365,1206.290918
1.439309,365,1206.738934
1.437101,365,1207.290723
1.239711,365,1211.064152
1.513306,365,1211.538176
1.252514,365,1211.964761
1.51018,365,1212.39156
1.317683,365,1212.833519
1.444124,365,1213.26022
1.351131,365,1215.669863
1.425994,365,1215.871059
1.302288,365,1216.044049
1.455454,365,1216.23329
1.419464,365,1216.406764
1.450548,365,1216.595626
1.369109,365,1218.873645
1.515827,365,1219.301049
1.417602,365,1219.744805
1.278264,365,1220.205458
1.308393,365,1220.639386
1.417322,365,1224.339789
1.389488,365,1224.832449
1.362491,365,1225.282148
1.428523,365,1225.73472
1.369246,365,1226.194004
1.374245,365,1226.68456
1.442506,365,1228.77543
1.362542,365,1228.96264
1.406642,365,1229.151472
1.188401,365,1229.339872
1.41441,365,1229.513393
1.464727,365,1229.702062
1.47163,365,1231.763803
1.500756,365,1232.203193
1.45782,365,1232.638645
1.552807,365,1233.074893
1.312977,365,1233.505448
1.398999,365,1236.416718
1.428183,365,1236.637098
1.558276,365,1236.825642
1.486019,365,1237.030453
1.559615,365,1237.235225
1.414988,365,1237.439873
1.596147,365,1239.62119
1.297575,365,1240.047386
1.492996,365,1240.489216
1.467543,365,1240.914885
1.615842,365,1241.340198
1.473924,365,1244.376553
1.66007,365,1244.80437
1.380736,365,1245.247063
1.53215,365,1245.673289
1.436533,365,1246.099498
1.479385,365,1246.542587
1.416281,365,1249.007066
1.638674,365,1249.181367
1.553711,365,1249.370723
1.600275,365,1249.545076
1.588344,365,1249.718927
1.503536,365,1249.923632
1.471272,365,1252.127
1.484695,365,1252.573713
1.400595,365,1252.998002
1.523117,365,1253.444884
1.527749,365,1253.88078
1.395581,365,1256.617012
1.397668,365,1256.839546
1.552072,365,1257.044081
1.463138,365,1257.249037
1.547345,365,1257.437812
1.431764,365,1257.642759
1.389255,365,1259.903268
1.563097,365,1260.344922
1.41446,365,1260.786633
1.499442,365,1261.212643
1.516695,365,1261.63907
1.518184,365,1264.766462
1.478196,365,1265.034381
1.469325,365,1265.224262
1.553521,365,1265.429179
1.469578,365,1265.618073
1.605656,365,1265.807383
1.588201,365,1267.650072
1.499382,365,1267.89679
1.57533,365,1268.09827
1.577034,365,1268.299515
1.516405,365,1268.498725
1.485797,365,1268.75568
1.613699,365,1271.849499
1.626342,365,1272.275324
1.563869,365,1272.701304
1.546741,365,1273.142562
1.314425,365,1273.567838
1.790444,365,1276.062166
1.481784,365,1276.298918
1.646032,365,1276.503726
1.583186,365,1276.693244
1.607922,365,1276.897971
1.545901,365,1277.087139
1.705713,365,1279.685548
1.627348,365,1280.1561
1.491082,365,1280.598442
1.536861,365,1281.073102
1.427901,365,1281.508578
1.410857,365,1284.51344
1.583115,365,1284.786299
1.559207,365,1284.987375
1.487692,365,1285.189306
1.539152,365,1285.37827
1.581613,365,1285.551078
1.423174,365,1287.66714
1.562989,365,1288.050246
1.61361,365,1288.487657
1.55222,365,1288.923321
1.477738,365,1289.378671
1.478303,365,1289.81614
1.545267,365,1293.105356
1.49908,365,1293.310398
1.464075,365,1293.499692
1.507602,365,1293.673692
1.595003,365,1293.862025
1.672944,365,1295.766383
1.579491,365,1296.009326
1.73192,365,1296.199111
1.535575,365,1296.388065
1.562748,365,1296.577007
1.479506,365,1296.782494
1.574814,365,1300.515355
1.525616,365,1300.957697
1.604975,365,1301.383808
1.446226,365,1301.809964
1.623365,365,1302.252169
1.453415,365,1304.341042
1.510578,365,1304.625444
1.652029,365,1304.828918
1.550389,365,1305.024375
1.54204,365,1305.223613
1.498039,365,1305.418794
1.622735,365,1307.972048
1.674225,365,1308.399591
1.539874,365,1308.82669
1.548898,365,1309.268298
1.489026,365,1309.712304
1.42545,365,1310.154437
1.377759,365,1312.843725
1.600046,365,1313.049311
1.578074,365,1313.253482
1.617087,365,1313.442415
1.637471,365,1313.647038
1.756967,365,1315.756062
1.76904,365,1316.189366
1.776644,365,1316.617653
1.747195,365,1317.092179
1.704754,365,1317.518562
1.667759,365,1317.945398
1.775064,365,1320.632594
1.498125,365,1320.837605
1.590574,365,1321.042182
1.637451,365,1321.231627
1.684955,365,1321.436491
1.501442,365,1321.625551
1.573057,365,1323.499586
1.554923,365,1323.698779
1.575621,365,1323.910077
1.556856,365,1324.349297
1.840373,365,1324.783002
1.538583,365,1328.116353
1.657712,365,1328.543705
1.644715,365,1328.98645
1.663709,365,1329.429544
1.658983,365,1329.855658
1.449986,365,1330.076071
1.447518,365,1331.827296
1.392376,365,1332.031927
1.585989,365,1332.236881
1.744336,365,1332.441471
1.651667,365,1332.630458
